{
  "directory_level": {
    "macro_precision": 0.6916974104166222,
    "macro_recall": 0.7001287788110132,
    "macro_f1": 0.6382534661936313,
    "num_processed_proposals": 231
  }
}