{
  "total_files": 4244,
  "found_files": 2394,
  "missing_files": 1850,
  "cache_size_mb": 25.281270027160645,
  "original_repo_size_mb": 229.64406967163086
}