{
  "directory_level": {
    "macro_precision": 0.6923290282296495,
    "macro_recall": 0.7148308507189682,
    "macro_f1": 0.6476106475440422,
    "num_processed_proposals": 210
  },
  "file_level": {
    "macro_precision": 0.45757639788146254,
    "macro_recall": 0.5441517353779041,
    "macro_f1": 0.4460333354885608,
    "num_processed_proposals": 210
  },
  "file_level_within_correct_directories": {
    "macro_precision": 0.57125009180972,
    "macro_recall": 0.5441517353779041,
    "macro_f1": 0.5074969108437843,
    "num_processed_proposals": 210
  }
}