{
  "directory_level": {
    "macro_precision": 0.7544822021012498,
    "macro_recall": 0.7021558040655591,
    "macro_f1": 0.6748292552840659,
    "num_processed_proposals": 231
  },
  "file_level": {
    "macro_precision": 0.4967186001540863,
    "macro_recall": 0.5148103896313722,
    "macro_f1": 0.45407211713068113,
    "num_processed_proposals": 231
  }
}