{
  "directory_level": {
    "macro_precision": 0.7104429348909868,
    "macro_recall": 0.7160139748778226,
    "macro_f1": 0.6569014003183791,
    "num_processed_proposals": 231
  },
  "file_level": {
    "macro_precision": 0.4675072714876455,
    "macro_recall": 0.5447025527330513,
    "macro_f1": 0.44676467435689876,
    "num_processed_proposals": 231
  },
  "file_level_within_correct_directories": {
    "macro_precision": 0.5906049767434512,
    "macro_recall": 0.5447025527330513,
    "macro_f1": 0.5115418934132575,
    "num_processed_proposals": 231
  }
}