{
  "directory_level": {
    "macro_precision": 0.7118572865326113,
    "macro_recall": 0.6504245667761879,
    "macro_f1": 0.6224270125048991,
    "num_processed_proposals": 231
  },
  "file_level": {
    "macro_precision": 0.46515391720028204,
    "macro_recall": 0.4806821331659125,
    "macro_f1": 0.4133284390248337,
    "num_processed_proposals": 231
  },
  "file_level_within_correct_directories": {
    "macro_precision": 0.5585630258923404,
    "macro_recall": 0.4806821331659125,
    "macro_f1": 0.4582268893105812,
    "num_processed_proposals": 231
  }
}