{
  "directory_level": {
    "macro_precision": 0.7615317140017931,
    "macro_recall": 0.7029254048351599,
    "macro_f1": 0.6814522456178608,
    "num_processed_proposals": 231
  },
  "file_level": {
    "macro_precision": 0.5096370906994657,
    "macro_recall": 0.5252081747285714,
    "macro_f1": 0.46458078294942534,
    "num_processed_proposals": 231
  },
  "file_level_within_correct_directories": {
    "macro_precision": 0.6125005430131156,
    "macro_recall": 0.5252081747285714,
    "macro_f1": 0.5100965251131528,
    "num_processed_proposals": 231
  }
}