{
  "directory_level": {
    "macro_precision": 0.7131805231805232,
    "macro_recall": 0.7139516853155329,
    "macro_f1": 0.6566321180482071,
    "num_processed_proposals": 231
  },
  "file_level": {
    "macro_precision": 0.4801701757186351,
    "macro_recall": 0.5368784052652217,
    "macro_f1": 0.44816600757194225,
    "num_processed_proposals": 231
  },
  "file_level_within_correct_directories": {
    "macro_precision": 0.5987150106816155,
    "macro_recall": 0.5368784052652217,
    "macro_f1": 0.5084595562353649,
    "num_processed_proposals": 231
  }
}