{
  "directory_level": {
    "macro_precision": 0.3377852805167752,
    "macro_recall": 0.6447743028255285,
    "macro_f1": 0.37692568900093304,
    "num_processed_proposals": 231
  },
  "file_level": {
    "macro_precision": 0.20440120456205846,
    "macro_recall": 0.42540611372154663,
    "macro_f1": 0.2295385664625918,
    "num_processed_proposals": 231
  },
  "file_level_within_correct_directories": {
    "macro_precision": 0.4440037036217326,
    "macro_recall": 0.42540611372154663,
    "macro_f1": 0.38486698891953164,
    "num_processed_proposals": 231
  }
}