{
  "directory_level": {
    "macro_precision": 0.6769134343714174,
    "macro_recall": 0.693496714237638,
    "macro_f1": 0.6213840437259947,
    "num_processed_proposals": 231
  },
  "file_level": {
    "macro_precision": 0.43549865100684926,
    "macro_recall": 0.4991661343977405,
    "macro_f1": 0.40347990902108233,
    "num_processed_proposals": 231
  },
  "file_level_within_correct_directories": {
    "macro_precision": 0.5890202039075734,
    "macro_recall": 0.4991661343977405,
    "macro_f1": 0.47974708819063816,
    "num_processed_proposals": 231
  }
}