{
  "directory_level": {
    "macro_precision": 0.7384815449101166,
    "macro_recall": 0.6994828464714624,
    "macro_f1": 0.6708743150288591,
    "num_processed_proposals": 210
  },
  "file_level": {
    "macro_precision": 0.48870002081489805,
    "macro_recall": 0.5165383836561968,
    "macro_f1": 0.4597193815924135,
    "num_processed_proposals": 210
  },
  "file_level_within_correct_directories": {
    "macro_precision": 0.5918410161267302,
    "macro_recall": 0.5165383836561968,
    "macro_f1": 0.5056840293604408,
    "num_processed_proposals": 210
  }
}