{
  "directory_level": {
    "macro_precision": 0.7480485123342268,
    "macro_recall": 0.7030669720221817,
    "macro_f1": 0.673495602395604,
    "num_processed_proposals": 231
  },
  "file_level": {
    "macro_precision": 0.4930040979368945,
    "macro_recall": 0.5130002980308062,
    "macro_f1": 0.4517092305938279,
    "num_processed_proposals": 231
  }
}