{
  "directory_level": {
    "macro_precision": 0.7201358826358826,
    "macro_recall": 0.6768692040903997,
    "macro_f1": 0.6439155895465373,
    "num_processed_proposals": 231
  },
  "file_level": {
    "macro_precision": 0.5620685571443146,
    "macro_recall": 0.3552150401201105,
    "macro_f1": 0.3924478391219215,
    "num_processed_proposals": 231
  },
  "function_level": {
    "macro_precision": 0.28283120160976044,
    "macro_recall": 0.18101680950165228,
    "macro_f1": 0.1763773112164264,
    "num_processed_proposals": 229
  }
}