{
  "directory_level": {
    "macro_precision": 0.4639590568161996,
    "macro_recall": 0.6223706864072311,
    "macro_f1": 0.4733739799623652,
    "num_processed_proposals": 231
  },
  "file_level": {
    "macro_precision": 0.2777203869938312,
    "macro_recall": 0.3998324218803796,
    "macro_f1": 0.2835816509016321,
    "num_processed_proposals": 231
  },
  "file_level_within_correct_directories": {
    "macro_precision": 0.44989341580250686,
    "macro_recall": 0.3998324218803796,
    "macro_f1": 0.3700052732221587,
    "num_processed_proposals": 231
  }
}