{
  "macro_precision": 0.7098677854980376,
  "macro_recall": 0.6760533773005467,
  "macro_f1": 0.6364590353727194,
  "num_processed_proposals": 231
}